{
  "model_path": "C:\\Users\\mrqus\\Desktop\\AI Gym Coach\\outputs\\models\\squat\\squat_tcn_gru.keras",
  "test_loss": 1.0750223398208618,
  "test_accuracy": 0.7017543911933899,
  "classification_report": {
    "0": {
      "precision": 0.875,
      "recall": 0.5384615384615384,
      "f1-score": 0.6666666666666666,
      "support": 26.0
    },
    "1": {
      "precision": 0.8,
      "recall": 0.5,
      "f1-score": 0.6153846153846154,
      "support": 8.0
    },
    "3": {
      "precision": 0.6111111111111112,
      "recall": 1.0,
      "f1-score": 0.7586206896551724,
      "support": 22.0
    },
    "4": {
      "precision": 0.0,
      "recall": 0.0,
      "f1-score": 0.0,
      "support": 1.0
    },
    "accuracy": 0.7017543859649122,
    "macro avg": {
      "precision": 0.5715277777777779,
      "recall": 0.5096153846153846,
      "f1-score": 0.5101679929266136,
      "support": 57.0
    },
    "weighted avg": {
      "precision": 0.7472709551656921,
      "recall": 0.7017543859649122,
      "f1-score": 0.683264305768843,
      "support": 57.0
    }
  },
  "confusion_matrix": [
    [
      14,
      1,
      0,
      11,
      0
    ],
    [
      2,
      4,
      0,
      2,
      0
    ],
    [
      0,
      0,
      0,
      0,
      0
    ],
    [
      0,
      0,
      0,
      22,
      0
    ],
    [
      0,
      0,
      0,
      1,
      0
    ]
  ],
  "n_samples": 57,
  "n_classes": 5,
  "class_names": {
    "0": "Correct",
    "1": "asymmetry",
    "2": "back_rounding",
    "3": "low_depth",
    "4": "stance_width"
  }
}