{
  "model_path": "C:\\Users\\adham\\Desktop\\AI-GYM-Coach\\outputs\\models\\squat\\squat_tcn_gru.keras",
  "test_loss": 0.34775635600090027,
  "test_accuracy": 0.8947368264198303,
  "classification_report": {
    "0": {
      "precision": 0.92,
      "recall": 0.8846153846153846,
      "f1-score": 0.9019607843137255,
      "support": 26.0
    },
    "1": {
      "precision": 0.7777777777777778,
      "recall": 0.875,
      "f1-score": 0.8235294117647058,
      "support": 8.0
    },
    "2": {
      "precision": 0.0,
      "recall": 0.0,
      "f1-score": 0.0,
      "support": 0.0
    },
    "3": {
      "precision": 1.0,
      "recall": 0.9090909090909091,
      "f1-score": 0.9523809523809523,
      "support": 22.0
    },
    "4": {
      "precision": 0.5,
      "recall": 1.0,
      "f1-score": 0.6666666666666666,
      "support": 1.0
    },
    "accuracy": 0.8947368421052632,
    "macro avg": {
      "precision": 0.6395555555555555,
      "recall": 0.7337412587412587,
      "f1-score": 0.6689075630252102,
      "support": 57.0
    },
    "weighted avg": {
      "precision": 0.9235477582846005,
      "recall": 0.8947368421052632,
      "f1-score": 0.9062853211460022,
      "support": 57.0
    }
  },
  "confusion_matrix": [
    [
      23,
      2,
      0,
      0,
      1
    ],
    [
      0,
      7,
      1,
      0,
      0
    ],
    [
      0,
      0,
      0,
      0,
      0
    ],
    [
      2,
      0,
      0,
      20,
      0
    ],
    [
      0,
      0,
      0,
      0,
      1
    ]
  ],
  "n_samples": 57,
  "n_classes": 5,
  "class_names": {
    "0": "Correct",
    "1": "asymmetry",
    "2": "back_rounding",
    "3": "low_depth",
    "4": "stance_width"
  }
}