{
  "accuracy": 0.75,
  "auc": 0.8122710622710622,
  "threshold": 0.5,
  "confusion_matrix": [
    [
      33,
      9
    ],
    [
      8,
      18
    ]
  ],
  "classification_report": {
    "0": {
      "precision": 0.8048780487804879,
      "recall": 0.7857142857142857,
      "f1-score": 0.7951807228915663,
      "support": 42.0
    },
    "1": {
      "precision": 0.6666666666666666,
      "recall": 0.6923076923076923,
      "f1-score": 0.6792452830188679,
      "support": 26.0
    },
    "accuracy": 0.75,
    "macro avg": {
      "precision": 0.7357723577235773,
      "recall": 0.739010989010989,
      "f1-score": 0.7372130029552171,
      "support": 68.0
    },
    "weighted avg": {
      "precision": 0.7520325203252033,
      "recall": 0.75,
      "f1-score": 0.7508524664696522,
      "support": 68.0
    }
  }
}