{
  "exercise": "squat",
  "feature_list": [
    "sq_knee_angle_L",
    "sq_knee_angle_R",
    "sq_torso_incline",
    "sq_pelvis_drop",
    "sq_stance_ratio",
    "sq_elbow_angle_L",
    "sq_elbow_angle_R",
    "sq_bar_present",
    "pose_confidence"
  ],
  "label_map": {
    "Incorrect": 1,
    "Correct": 0
  },
  "seq_len": 96,
  "mean": [
    133.44908704632016,
    134.16509816029097,
    7.07016393413109,
    0.09294173794335678,
    1.1480423254825862,
    45.27323091130456,
    39.557819598076605,
    1.0,
    0.9515194821782991
  ],
  "std": [
    21.874531847633687,
    23.083552856843795,
    4.304781920893362,
    0.08341937549840821,
    0.42506340726860736,
    28.670477526303852,
    19.5635374474069,
    1e-06,
    0.04644264731136861
  ]
}