{
  "accuracy": [
    0.588652491569519,
    0.6897163391113281,
    0.7198581695556641,
    0.7251772880554199,
    0.7695035338401794,
    0.8209219574928284,
    0.8439716100692749,
    0.8457446694374084,
    0.8652482032775879,
    0.8865247964859009,
    0.8847517967224121,
    0.8918439745903015,
    0.8953900933265686,
    0.8989361524581909,
    0.911347508430481,
    0.911347508430481,
    0.9131205677986145,
    0.9007092118263245,
    0.9131205677986145,
    0.9095744490623474,
    0.9202127456665039,
    0.914893627166748,
    0.9166666865348816,
    0.9290780425071716,
    0.911347508430481,
    0.9255319237709045,
    0.9184397459030151,
    0.9202127456665039,
    0.9166666865348816,
    0.9166666865348816
  ],
  "auc": [
    0.6242693662643433,
    0.7183295488357544,
    0.7884290814399719,
    0.8106135129928589,
    0.8385487794876099,
    0.8667107820510864,
    0.8896698951721191,
    0.9161879420280457,
    0.9271100759506226,
    0.938473105430603,
    0.9367220997810364,
    0.9399092197418213,
    0.9499181509017944,
    0.9474489688873291,
    0.9469325542449951,
    0.9518203735351562,
    0.9552531838417053,
    0.9486269354820251,
    0.9594545364379883,
    0.9622575044631958,
    0.9574137330055237,
    0.9563239812850952,
    0.9601159691810608,
    0.9615393877029419,
    0.9625220894813538,
    0.9626354575157166,
    0.963718831539154,
    0.9612181782722473,
    0.9596496820449829,
    0.9582703709602356
  ],
  "loss": [
    0.6658892631530762,
    0.6032628417015076,
    0.5556386113166809,
    0.5299060344696045,
    0.4925781786441803,
    0.4406958520412445,
    0.4039008319377899,
    0.3576998710632324,
    0.32381054759025574,
    0.29710105061531067,
    0.30091893672943115,
    0.2856407165527344,
    0.27080774307250977,
    0.26428061723709106,
    0.2621413767337799,
    0.26117005944252014,
    0.24342946708202362,
    0.263506144285202,
    0.24051858484745026,
    0.23603090643882751,
    0.23978035151958466,
    0.24191178381443024,
    0.23730070888996124,
    0.2285308539867401,
    0.23080231249332428,
    0.23170752823352814,
    0.2253807783126831,
    0.22886478900909424,
    0.23174481093883514,
    0.23766927421092987
  ],
  "precision": [
    0.6019737124443054,
    0.6553524732589722,
    0.6888889074325562,
    0.6914600729942322,
    0.7469879388809204,
    0.8044164180755615,
    0.8322580456733704,
    0.8438538312911987,
    0.8493589758872986,
    0.8616352081298828,
    0.8729641437530518,
    0.8519637584686279,
    0.8778135180473328,
    0.8761904835700989,
    0.8961039185523987,
    0.8910256624221802,
    0.8888888955116272,
    0.8863636255264282,
    0.8888888955116272,
    0.8808777332305908,
    0.8927444815635681,
    0.9019607901573181,
    0.8996763825416565,
    0.8993710875511169,
    0.8935483694076538,
    0.9090909361839294,
    0.9025974273681641,
    0.8977635502815247,
    0.894568681716919,
    0.9022801518440247
  ],
  "recall": [
    0.6224489808082581,
    0.853741466999054,
    0.8435373902320862,
    0.853741466999054,
    0.8435373902320862,
    0.8673469424247742,
    0.8775510191917419,
    0.8639456033706665,
    0.9013605713844299,
    0.9319728016853333,
    0.9115646481513977,
    0.9591836929321289,
    0.9285714030265808,
    0.9387755393981934,
    0.9387755393981934,
    0.9455782175064087,
    0.9523809552192688,
    0.9285714030265808,
    0.9523809552192688,
    0.9557822942733765,
    0.9625850319862366,
    0.9387755393981934,
    0.9455782175064087,
    0.9727891087532043,
    0.942176878452301,
    0.9523809552192688,
    0.9455782175064087,
    0.9557822942733765,
    0.9523809552192688,
    0.942176878452301
  ],
  "val_accuracy": [
    0.3815789520740509,
    0.3684210479259491,
    0.3684210479259491,
    0.46052631735801697,
    0.8289473652839661,
    0.8421052694320679,
    0.8157894611358643,
    0.8157894611358643,
    0.8157894611358643,
    0.8289473652839661,
    0.8552631735801697,
    0.8421052694320679,
    0.8552631735801697,
    0.8421052694320679,
    0.8289473652839661,
    0.8552631735801697,
    0.8289473652839661,
    0.8421052694320679,
    0.8552631735801697,
    0.8552631735801697,
    0.8421052694320679,
    0.8157894611358643,
    0.8552631735801697,
    0.8552631735801697,
    0.8421052694320679,
    0.8289473652839661,
    0.8552631735801697,
    0.8552631735801697,
    0.8421052694320679,
    0.8552631735801697
  ],
  "val_auc": [
    0.18913044035434723,
    0.5173913240432739,
    0.7355072498321533,
    0.758695662021637,
    0.7619565725326538,
    0.810869574546814,
    0.8568840026855469,
    0.8637681603431702,
    0.8822463750839233,
    0.8989130854606628,
    0.9057971239089966,
    0.9039855003356934,
    0.9025362133979797,
    0.9054347276687622,
    0.9043478965759277,
    0.906521737575531,
    0.9039855003356934,
    0.9072463512420654,
    0.9079710245132446,
    0.9094202518463135,
    0.9083333015441895,
    0.9068840146064758,
    0.9094202518463135,
    0.9130434989929199,
    0.9101449251174927,
    0.9097825884819031,
    0.9112318754196167,
    0.9112319350242615,
    0.9115942120552063,
    0.9105072021484375
  ],
  "val_loss": [
    0.7850111722946167,
    0.7740957140922546,
    0.7185342311859131,
    0.6870829463005066,
    0.5525946021080017,
    0.4689818024635315,
    0.4738404154777527,
    0.48165807127952576,
    0.47549930214881897,
    0.46217668056488037,
    0.4543406367301941,
    0.45694512128829956,
    0.4971441328525543,
    0.5057139992713928,
    0.49900561571121216,
    0.4965037405490875,
    0.4905558228492737,
    0.5044822096824646,
    0.49951210618019104,
    0.49965015053749084,
    0.4963802099227905,
    0.5048473477363586,
    0.5064330697059631,
    0.49657225608825684,
    0.4877426326274872,
    0.49361857771873474,
    0.49760302901268005,
    0.49811306595802307,
    0.4996112883090973,
    0.49682432413101196
  ],
  "val_precision": [
    0.3835616409778595,
    0.37142857909202576,
    0.37142857909202576,
    0.4126984179019928,
    0.7428571581840515,
    0.78125,
    0.7222222089767456,
    0.7222222089767456,
    0.7222222089767456,
    0.7575757503509521,
    0.8064516186714172,
    0.78125,
    0.8064516186714172,
    0.800000011920929,
    0.774193525314331,
    0.8064516186714172,
    0.7575757503509521,
    0.800000011920929,
    0.8064516186714172,
    0.8064516186714172,
    0.800000011920929,
    0.7666666507720947,
    0.8064516186714172,
    0.8064516186714172,
    0.78125,
    0.7575757503509521,
    0.8064516186714172,
    0.8064516186714172,
    0.800000011920929,
    0.8064516186714172
  ],
  "val_recall": [
    0.9333333373069763,
    0.8666666746139526,
    0.8666666746139526,
    0.8666666746139526,
    0.8666666746139526,
    0.8333333134651184,
    0.8666666746139526,
    0.8666666746139526,
    0.8666666746139526,
    0.8333333134651184,
    0.8333333134651184,
    0.8333333134651184,
    0.8333333134651184,
    0.800000011920929,
    0.800000011920929,
    0.8333333134651184,
    0.8333333134651184,
    0.800000011920929,
    0.8333333134651184,
    0.8333333134651184,
    0.800000011920929,
    0.7666666507720947,
    0.8333333134651184,
    0.8333333134651184,
    0.8333333134651184,
    0.8333333134651184,
    0.8333333134651184,
    0.8333333134651184,
    0.800000011920929,
    0.8333333134651184
  ],